Entrada_1,Entrada_2,Entrada_3,Entrada_4,Entrada_5,Salida_Predicha_1,Salida_Predicha_2,Salida_Predicha_3,Salida_Predicha_4,Salida_Predicha_5,Salida_Predicha_6,Salida_Predicha_7,Salida_Predicha_8,Salida_Predicha_9,Salida_Predicha_10,Salida_Predicha_11,Salida_Predicha_12,Salida_Predicha_13,Salida_Predicha_14,Salida_Predicha_15,Salida_Predicha_16,Salida_Predicha_17,Salida_Predicha_18,Salida_Predicha_19,Salida_Predicha_20,Salida_Predicha_21,Salida_Predicha_22,Salida_Predicha_23,Salida_Predicha_24,Salida_Predicha_25,Salida_Predicha_26,Salida_Predicha_27,Salida_Predicha_28,Salida_Predicha_29,Salida_Predicha_30
38.0,38.0,17.0,70.0,33.0,-0.00018724799156188965,30.01370620727539,57.65544509887695,0.7671873569488525,85.19772338867188,64.26069641113281,-0.003542626276612282,12.041741371154785,8.417872428894043,8.846449851989746,38.31692123413086,9.912022590637207,80.94229125976562,116.12061309814453,-0.004931613337248564,4.681314468383789,6.024824142456055,-0.16905629634857178,54.273536682128906,15.352117538452148,70.10760498046875,-0.5000433921813965,87.65969848632812,15.076634407043457,-0.009741805493831635,-1.768845558166504,34.498390197753906,5.904521942138672,84.28531646728516,-5.972843647003174
43.0,35.0,20.0,80.0,8.5,0.004098236560821533,23.997007369995117,60.56257629394531,-6.684590816497803,91.60924530029297,33.17976760864258,0.0018485244363546371,10.911409378051758,9.735343933105469,8.32955265045166,39.57961654663086,10.56301212310791,82.01835632324219,70.52105712890625,-0.00642792833968997,2.5797674655914307,7.709312438964844,-0.5049832463264465,54.738189697265625,15.200057983398438,76.617431640625,-6.419528961181641,94.89298248291016,6.697772026062012,-0.010488353669643402,-1.83085298538208,40.81770324707031,4.261698246002197,91.57329559326172,-4.3902268409729
40.0,38.0,20.0,65.0,19.0,-0.004744976758956909,26.573022842407227,60.71709442138672,-1.8583440780639648,88.88874816894531,44.919281005859375,0.004367416724562645,15.66649055480957,13.000666618347168,15.61508560180664,35.53470230102539,12.269290924072266,82.42753601074219,80.3133316040039,-0.0027866209857165813,9.306787490844727,8.17662525177002,2.489091396331787,55.00310134887695,16.42428207397461,74.45519256591797,1.0968724489212036,89.18890380859375,15.021920204162598,-0.007522515952587128,-2.7829229831695557,38.86872100830078,5.800490379333496,89.13396453857422,-5.8056960105896
41.0,38.0,17.0,60.0,12.0,-0.0008323490619659424,26.628368377685547,61.36035919189453,-1.9528677463531494,87.56800079345703,37.67294692993164,-0.004451388493180275,9.895257949829102,5.690307140350342,12.697312355041504,38.771400451660156,9.092472076416016,81.59059143066406,74.3323745727539,-0.004537686239928007,6.411631107330322,8.175308227539062,1.4838731288909912,56.45006561279297,16.373558044433594,78.65047454833984,2.139514446258545,91.17591094970703,12.553271293640137,-0.0015086457133293152,-3.487391471862793,40.38883972167969,4.921036243438721,90.68962860107422,-4.90722131729126
37.0,41.0,17.0,40.0,8.5,-0.013821274042129517,20.379579544067383,61.007286071777344,3.0046498775482178,90.71452331542969,25.730588912963867,-0.006769442930817604,15.73134708404541,10.608855247497559,16.1973934173584,37.38521194458008,16.10678482055664,81.4312744140625,53.101348876953125,0.003956482280045748,5.761279582977295,9.257678031921387,1.8482327461242676,64.27337646484375,13.437166213989258,78.1419448852539,7.3650007247924805,87.3904800415039,12.067631721496582,-0.010580889880657196,-2.8282628059387207,42.7138557434082,5.202255725860596,92.47821044921875,-5.265182971954346
40.0,35.0,20.0,60.0,29.5,0.002142578363418579,27.936098098754883,56.469993591308594,-0.2183835357427597,85.88566589355469,59.05537414550781,0.0034752395004034042,16.870187759399414,6.3895039558410645,16.09005355834961,37.45075225830078,16.174165725708008,80.59212493896484,112.36900329589844,0.014129772782325745,9.964015007019043,5.348598957061768,4.812631607055664,55.13538360595703,18.216121673583984,68.3278579711914,6.8319525718688965,85.83748626708984,19.720035552978516,-0.010199867188930511,-3.686427116394043,35.168331146240234,6.563563823699951,84.79143524169922,-6.571518421173096
41.0,38.0,21.0,80.0,28.0,-0.004232496023178101,27.021087646484375,58.34829330444336,-2.2651376724243164,85.4658203125,60.675682067871094,0.008504724130034447,14.374201774597168,9.09386920928955,12.667672157287598,36.487640380859375,13.456374168395996,80.77426147460938,113.03956604003906,0.006012157071381807,5.748551845550537,5.646406650543213,0.5683883428573608,53.16579818725586,15.21766185760498,71.0558090209961,-1.7862237691879272,86.64988708496094,14.804094314575195,-0.002640567719936371,-2.146670341491699,35.418853759765625,6.099570274353027,85.51880645751953,-6.1145405769348145
40.0,35.0,20.0,70.0,40.0,-0.011081904172897339,23.31410026550293,55.619224548339844,-5.4317755699157715,80.32859802246094,66.93363952636719,0.007384425029158592,13.308006286621094,11.589431762695312,10.391802787780762,36.8082160949707,9.476799964904785,77.52764129638672,123.89268493652344,-0.010540291666984558,-0.5091506838798523,4.619860649108887,-3.9788923263549805,53.09598159790039,13.968722343444824,68.45890045166016,-0.7882510423660278,82.43946075439453,17.241432189941406,-0.0009359344840049744,-2.809396743774414,31.529741287231445,10.892739295959473,81.3109130859375,-10.933204650878906
43.0,41.0,20.0,60.0,8.5,0.005517691373825073,23.452733993530273,60.40425109863281,2.222306489944458,89.75496673583984,31.178380966186523,0.011310463771224022,8.800617218017578,6.766258716583252,5.150071620941162,37.040287017822266,4.958776950836182,83.9949951171875,57.625572204589844,-0.003378614317625761,5.165106296539307,7.854877948760986,1.185516595840454,56.695003509521484,16.516189575195312,79.43437957763672,0.4763569235801697,90.81356048583984,9.900518417358398,0.0006410852074623108,-1.8753657341003418,42.9818115234375,3.099050998687744,93.24031829833984,-3.1570112705230713
43.0,41.0,20.0,55.0,29.5,-0.0005114376544952393,26.707548141479492,57.76595687866211,1.4325854778289795,84.89612579345703,61.57405471801758,0.005166744813323021,14.790871620178223,8.148751258850098,14.940017700195312,37.76437759399414,14.502878189086914,81.22566223144531,112.68891906738281,0.002647057641297579,7.75042200088501,5.6517744064331055,3.852017402648926,56.77860641479492,16.885623931884766,70.11438751220703,4.281880855560303,87.17003631591797,17.323226928710938,-0.009444199502468109,-3.5512282848358154,35.4172477722168,5.71763801574707,84.99078369140625,-5.6943159103393555
43.0,38.0,20.0,80.0,40.0,-0.00254252552986145,23.396345138549805,56.25187683105469,-7.300231456756592,81.1811752319336,66.07131958007812,0.011082833632826805,12.798315048217773,11.145359992980957,9.997798919677734,37.26437759399414,8.614808082580566,77.73429870605469,125.92289733886719,0.006590381730347872,-1.3167362213134766,4.604679107666016,-5.4547905921936035,53.722537994384766,13.29725456237793,69.39334106445312,-1.3000658750534058,83.65025329589844,17.490318298339844,-0.014974318444728851,-3.1756532192230225,31.997573852539062,10.804717063903809,81.85746002197266,-10.790864944458008
43.0,35.0,20.0,70.0,26.0,0.005511492490768433,27.404565811157227,57.733856201171875,-0.5717298984527588,85.38232421875,58.38743209838867,0.00297427736222744,14.861764907836914,8.653141975402832,14.179912567138672,36.6884651184082,14.596274375915527,80.50775146484375,111.46468353271484,0.007300153840333223,6.67490816116333,5.741903781890869,1.3779165744781494,53.642208099365234,15.669870376586914,71.21208190917969,-1.243369698524475,87.4298095703125,14.054070472717285,-0.006289027631282806,-2.1258018016815186,35.645877838134766,5.8420915603637695,85.50467681884766,-5.846476078033447
40.0,38.0,17.0,60.0,36.5,-0.004067480564117432,20.512283325195312,53.82249069213867,-3.812927722930908,78.48246002197266,69.27410888671875,0.003229251131415367,14.726426124572754,10.678704261779785,12.449419975280762,38.87482452392578,12.821481704711914,76.18803405761719,121.4730224609375,0.0003145490773022175,1.6907715797424316,4.793959617614746,-0.0054125189781188965,52.81013870239258,16.272762298583984,66.01935577392578,1.3357363939285278,81.12610626220703,15.873117446899414,-0.005734406411647797,-2.833235263824463,30.766193389892578,11.00533390045166,80.58454132080078,-11.019190788269043
37.0,41.0,17.0,65.0,5.0,0.006095170974731445,23.7534236907959,61.00518035888672,0.011799588799476624,90.68978118896484,30.432788848876953,0.003927117213606834,8.215540885925293,8.218491554260254,4.588710784912109,37.12849807739258,4.6032304763793945,83.74760437011719,54.35963821411133,0.00848148763179779,4.778574466705322,7.9989519119262695,1.3101396560668945,57.175724029541016,16.332122802734375,79.75404357910156,-0.37177467346191406,91.90497589111328,10.388871192932129,-0.0012542232871055603,-1.8948967456817627,43.973506927490234,2.677438735961914,94.79129791259766,-2.751286029815674
41.0,40.0,17.0,50.0,23.0,-0.0009372234344482422,23.351228713989258,59.026817321777344,3.830791473388672,84.86675262451172,51.63044738769531,0.010345404967665672,18.18238067626953,9.941312789916992,18.165000915527344,36.97842788696289,18.481197357177734,81.72233581542969,100.94769287109375,0.0005875383503735065,8.656533241271973,6.8845906257629395,3.6716911792755127,60.601837158203125,14.442981719970703,72.95825958251953,7.3735222816467285,86.85462951660156,18.425861358642578,-0.005721770226955414,-2.618830442428589,36.25958251953125,5.397930145263672,86.06249237060547,-5.421115398406982
43.0,41.0,17.0,40.0,15.5,-0.007024049758911133,23.147747039794922,57.76853561401367,3.7757997512817383,85.08154296875,41.46685791015625,-0.010468477383255959,20.03116798400879,9.282992362976074,20.302066802978516,36.26353073120117,20.09882164001465,80.56607055664062,86.03022003173828,0.003908113110810518,10.389925956726074,6.6766510009765625,5.159976482391357,63.106605529785156,15.387626647949219,76.50725555419922,9.250865936279297,89.76580047607422,17.60622787475586,-0.02268116921186447,-3.2987184524536133,35.84046936035156,5.362087249755859,85.84175872802734,-5.412622451782227
43.0,35.0,17.0,80.0,12.0,0.0011598765850067139,22.314220428466797,59.331199645996094,-7.305898666381836,86.8990478515625,40.37698745727539,0.013220315799117088,14.620256423950195,10.520347595214844,13.819307327270508,37.73715591430664,12.846354484558105,80.74006652832031,85.04949951171875,-0.009902939200401306,2.2873616218566895,6.779613971710205,-1.375270128250122,53.81977462768555,15.048643112182617,74.06295776367188,-4.55246639251709,93.89859771728516,8.217662811279297,0.010198988020420074,-2.0834531784057617,37.8997802734375,5.284575939178467,88.7589340209961,-5.372003078460693
40.0,38.0,20.0,45.0,29.5,0.005438119173049927,23.382680892944336,58.179931640625,4.550415992736816,82.73116302490234,60.889347076416016,0.021440869197249413,17.15191650390625,11.405869483947754,17.62042236328125,35.734127044677734,16.508567810058594,79.99241638183594,116.93083190917969,-0.004038914572447538,4.674220561981201,5.539885520935059,2.246593475341797,61.725303649902344,13.684914588928223,70.9914779663086,4.649330139160156,86.36257934570312,15.206338882446289,0.0038304105401039124,-2.178830146789551,34.084251403808594,6.413569450378418,83.58360290527344,-6.411289691925049
37.0,38.0,17.0,55.0,5.0,0.0009177327156066895,22.537696838378906,61.282249450683594,1.5693137645721436,91.21337127685547,29.04897117614746,-0.03603338450193405,8.638191223144531,8.75566577911377,6.297565460205078,37.384159088134766,5.3817925453186035,83.85185241699219,49.99296569824219,0.010048821568489075,5.76834774017334,8.312776565551758,1.9238958358764648,58.320316314697266,16.603343963623047,80.0123519897461,1.004133939743042,91.8236312866211,9.832389831542969,-0.017727665603160858,-2.1688637733459473,45.253753662109375,2.693626880645752,95.60628509521484,-2.7401511669158936
37.0,41.0,17.0,60.0,19.0,-0.006783932447433472,25.948728561401367,59.512699127197266,-1.124065637588501,88.07479095458984,46.162254333496094,0.009606575593352318,15.892391204833984,11.92245101928711,15.901355743408203,36.42399978637695,13.08877944946289,82.85848999023438,80.75828552246094,-0.003196283709257841,10.439473152160645,8.017723083496094,3.1561849117279053,55.87068557739258,16.62266731262207,75.1780014038086,2.846364974975586,89.1637191772461,16.236167907714844,0.004770852625370026,-3.383913993835449,38.78224182128906,5.714498519897461,88.75218963623047,-5.7477192878723145
43.0,41.0,17.0,60.0,12.0,0.0007968246936798096,25.91423797607422,61.22150802612305,-1.966048002243042,87.45621490478516,36.848392486572266,-0.004332715645432472,9.83360481262207,4.798617362976074,12.512001037597656,39.24575424194336,9.223389625549316,81.8660888671875,74.01348876953125,-0.013299331068992615,5.527148723602295,8.255436897277832,0.6226105093955994,56.05137252807617,15.978432655334473,78.35999298095703,1.7778860330581665,90.83023834228516,11.876161575317383,0.0009794607758522034,-3.0645036697387695,40.69907760620117,4.685359477996826,90.99666595458984,-4.678081035614014
40.0,41.0,17.0,65.0,5.0,-0.001488804817199707,24.016876220703125,60.85802459716797,0.4988877773284912,90.2648696899414,29.910505294799805,0.002421801909804344,7.843531131744385,7.719198703765869,4.9921979904174805,36.99138641357422,4.857834339141846,83.14111328125,53.963768005371094,0.0008331094868481159,5.149912357330322,8.039939880371094,1.7246034145355225,57.09042739868164,16.536962509155273,79.75241088867188,-0.16385412216186523,91.62113952636719,10.012397766113281,-0.00020911544561386108,-2.118401288986206,43.75383377075195,2.3913707733154297,94.21137237548828,-2.4340150356292725
37.0,41.0,17.0,70.0,26.0,-0.00283011794090271,26.37091636657715,57.967647552490234,-1.6080412864685059,85.2391586303711,59.707130432128906,0.002143716439604759,15.007023811340332,8.791135787963867,14.007349014282227,36.980384826660156,14.703251838684082,81.31283569335938,110.92854309082031,-0.004731401335448027,6.253073215484619,5.674700736999512,1.0480189323425293,53.771549224853516,15.315417289733887,71.0652084350586,-1.3038064241409302,87.30351257324219,14.395630836486816,-0.0006280764937400818,-2.526730537414551,35.75370788574219,5.835994243621826,85.69432830810547,-5.8598432540893555
37.0,35.0,17.0,45.0,22.5,-0.004296034574508667,22.336000442504883,59.15837860107422,3.7857844829559326,84.68106079101562,51.317264556884766,0.013257598504424095,18.177654266357422,10.043038368225098,18.209060668945312,36.751583099365234,18.129053115844727,81.56794738769531,103.89689636230469,-0.003254696261137724,8.007034301757812,6.616392135620117,3.174712896347046,61.415313720703125,13.830049514770508,73.26970672607422,7.474565029144287,87.1328125,17.930923461914062,-0.00998058170080185,-2.3735475540161133,36.11219024658203,6.050356864929199,85.92698669433594,-6.0962748527526855
43.0,41.0,20.0,65.0,33.0,-0.0017827153205871582,32.229244232177734,57.17443084716797,5.168704986572266,85.27442932128906,61.82976531982422,0.020545965060591698,10.484206199645996,4.479807376861572,10.098698616027832,43.43525314331055,11.113625526428223,80.02403259277344,113.80072021484375,0.007503226865082979,4.769546985626221,6.895143508911133,0.09497088193893433,56.09564208984375,16.232471466064453,69.64586639404297,-0.6153043508529663,94.13414001464844,6.791265964508057,0.001633383333683014,0.7517975568771362,35.722564697265625,3.9130992889404297,85.40814208984375,-3.876394271850586
43.0,41.0,17.0,40.0,19.0,-0.008052080869674683,21.45745277404785,57.526161193847656,3.9756336212158203,84.8259506225586,43.388423919677734,0.0019162949174642563,20.929889678955078,10.556145668029785,19.719738006591797,35.57133102416992,19.7436580657959,81.09620666503906,89.6279296875,0.009613648056983948,10.968155860900879,7.067356109619141,4.8853325843811035,62.16972732543945,14.83395004272461,75.22887420654297,9.061002731323242,88.08226776123047,19.116374969482422,-0.01636519283056259,-2.7815470695495605,35.365699768066406,6.34086799621582,85.0739517211914,-6.381184101104736
40.0,38.0,20.0,45.0,12.0,-0.008582353591918945,22.98640251159668,59.084808349609375,3.7742488384246826,86.94322967529297,37.75225830078125,-0.0006234887987375259,15.930452346801758,10.166282653808594,14.051849365234375,37.20209503173828,14.214676856994629,82.37924194335938,72.69129943847656,-0.003031774889677763,6.227703094482422,6.3955535888671875,3.0786404609680176,61.74122619628906,14.247865676879883,75.86720275878906,5.296775817871094,90.21598052978516,12.754756927490234,0.0004484131932258606,-2.805014133453369,39.387393951416016,5.67144250869751,89.23287200927734,-5.649713039398193
40.0,41.0,20.0,55.0,19.0,-0.00048491358757019043,25.475828170776367,59.67427062988281,-0.3087165355682373,87.66287231445312,46.997859954833984,0.007304465398192406,15.91248893737793,11.39238452911377,15.710649490356445,36.67702865600586,13.523821830749512,82.93606567382812,82.50801849365234,-0.005015357863157988,11.058073997497559,7.90556526184082,3.875704288482666,56.36983108520508,16.6972599029541,75.47332000732422,3.6620864868164062,89.32672882080078,16.953399658203125,-0.004492543637752533,-3.8321080207824707,38.53474426269531,5.580604076385498,88.40280151367188,-5.5560994148254395
43.0,35.0,20.0,60.0,15.5,-0.00791129469871521,27.332904815673828,60.37260437011719,-1.3621826171875,87.93029022216797,42.853919982910156,-0.004823798313736916,14.018332481384277,10.580850601196289,14.882575988769531,36.63592529296875,11.347949028015137,81.71112060546875,78.81256866455078,0.012383386492729187,9.097891807556152,7.88853645324707,2.5485336780548096,55.189266204833984,16.749950408935547,75.49158477783203,2.014556884765625,89.76150512695312,14.482148170471191,-0.007595621049404144,-3.383786916732788,39.062843322753906,5.584351539611816,89.05139923095703,-5.599480628967285
43.0,35.0,20.0,50.0,19.0,-0.012286245822906494,23.299352645874023,58.829681396484375,3.832979917526245,85.21621704101562,43.62930679321289,0.010000860318541527,20.996734619140625,10.766234397888184,19.4750919342041,35.49815368652344,19.443618774414062,80.55653381347656,91.67705535888672,-0.0005540098063647747,11.409646987915039,7.137948513031006,4.9066386222839355,61.9559440612793,14.688292503356934,75.33509063720703,9.593647003173828,88.01700592041016,19.36065673828125,-0.008267603814601898,-2.9461874961853027,36.179893493652344,6.172886371612549,85.75703430175781,-6.1332478523254395
40.0,41.0,17.0,80.0,8.5,0.004519432783126831,24.213516235351562,60.27680969238281,-6.299729824066162,91.07014465332031,32.777339935302734,-0.010677451267838478,10.152689933776855,9.368770599365234,7.691964149475098,39.50485610961914,10.119397163391113,81.86205291748047,67.69245910644531,-0.017405256628990173,2.5037338733673096,7.775778770446777,-0.47176486253738403,54.7668342590332,14.950668334960938,76.6640396118164,-6.257052898406982,94.33043670654297,6.83953857421875,-0.009823761880397797,-1.9444690942764282,41.03721237182617,3.997803211212158,91.4937515258789,-4.027294635772705
37.0,35.0,17.0,70.0,26.0,-0.0003609657287597656,26.73985481262207,57.83917236328125,-1.8130030632019043,85.13501739501953,59.33829116821289,-0.002633357420563698,14.925821304321289,9.060397148132324,13.472115516662598,36.61140060424805,14.059041023254395,80.65829467773438,111.9522705078125,0.00038842903450131416,5.8552703857421875,5.600688934326172,0.5426568388938904,53.354305267333984,15.090932846069336,70.9255142211914,-1.595762848854065,86.9841079711914,14.42760944366455,-0.007161282002925873,-2.201873540878296,35.39299392700195,6.1667866706848145,85.26970672607422,-6.193896293640137
43.0,35.0,20.0,45.0,12.0,-0.006991922855377197,22.705350875854492,59.237300872802734,3.9510719776153564,87.32368469238281,35.99264907836914,-0.002009803429245949,16.28537368774414,10.458422660827637,14.000085830688477,37.01279067993164,13.938750267028809,82.17765808105469,72.1162109375,0.0035471473820507526,5.939874649047852,6.565491676330566,2.6408658027648926,61.923038482666016,13.993169784545898,75.95291900634766,5.334865570068359,89.96613311767578,12.623644828796387,0.001759655773639679,-2.4098734855651855,39.432395935058594,6.187332630157471,89.31421661376953,-6.175467014312744
43.0,35.0,20.0,80.0,29.5,-0.0067955851554870605,27.70216178894043,58.01483154296875,-2.1316349506378174,85.64828491210938,60.776065826416016,0.015488987788558006,14.40948486328125,9.124645233154297,12.304159164428711,36.41311264038086,13.195599555969238,80.22122192382812,113.9134521484375,0.011860325932502747,6.072338581085205,5.685969352722168,0.8385586142539978,53.22966384887695,15.460274696350098,71.0114974975586,-1.340859293937683,86.28971862792969,15.529341697692871,-0.007888279855251312,-2.115187883377075,35.123714447021484,6.298383712768555,85.14311218261719,-6.311410427093506
43.0,41.0,20.0,70.0,19.0,-0.006197601556777954,24.93902015686035,61.019798278808594,-3.3706376552581787,88.2832260131836,44.53860855102539,0.006682997569441795,15.348394393920898,12.227755546569824,14.833166122436523,35.81649398803711,12.31201457977295,81.96930694580078,82.3976821899414,-0.003699227701872587,8.163643836975098,7.8927130699157715,2.1989364624023438,54.0932731628418,15.738290786743164,72.805419921875,-0.012790083885192871,88.99767303466797,14.63290023803711,0.0030258074402809143,-2.8235995769500732,38.516849517822266,5.877498626708984,88.6908187866211,-5.881206035614014
41.0,38.0,17.0,50.0,5.0,-0.018358081579208374,20.965930938720703,62.6642951965332,2.2244179248809814,92.10494232177734,25.630571365356445,-0.01028108038008213,16.849794387817383,12.114434242248535,16.456321716308594,36.55103302001953,16.50350570678711,81.34416961669922,52.07392883300781,-0.00782214105129242,5.232941150665283,9.226605415344238,1.41447114944458,64.60196685791016,13.378630638122559,78.31793975830078,7.0284423828125,87.6326675415039,12.015237808227539,-0.017853252589702606,-2.409134864807129,43.45819854736328,4.803717136383057,93.7670669555664,-4.804817199707031
43.0,35.0,17.0,55.0,8.5,0.002660423517227173,23.340192794799805,61.17473602294922,2.944434881210327,90.396484375,31.382762908935547,-0.008920067921280861,8.327249526977539,7.454325199127197,4.673995018005371,37.218711853027344,4.135075569152832,84.47887420654297,57.993309020996094,-0.0018877829425036907,5.445803165435791,7.912659168243408,1.9366207122802734,57.38803482055664,16.513633728027344,79.81995391845703,0.5914672613143921,91.27735900878906,10.228659629821777,-0.005353175103664398,-2.096940517425537,42.975257873535156,3.913910388946533,93.30136108398438,-3.966271162033081
40.0,41.0,17.0,50.0,26.0,-0.005681931972503662,23.99176025390625,58.54322052001953,3.7080235481262207,83.70513916015625,60.39859390258789,0.008641397580504417,17.210041046142578,9.9055814743042,18.255474090576172,37.185794830322266,18.194169998168945,81.04396057128906,114.06689453125,-0.0022927368991076946,6.201526641845703,5.589747428894043,2.843529224395752,60.553096771240234,14.670832633972168,70.5860366821289,5.607638835906982,86.50090789794922,16.370651245117188,-0.009506426751613617,-2.423159599304199,35.26447677612305,4.645700931549072,85.04403686523438,-4.656710147857666
37.0,35.0,20.0,80.0,29.5,-0.006012618541717529,27.80223274230957,58.570068359375,-2.499654531478882,85.5367202758789,62.61769485473633,0.010314112529158592,14.2798433303833,8.819966316223145,11.984106063842773,36.313175201416016,13.108616828918457,80.65727233886719,114.8619384765625,0.013176694512367249,5.91837739944458,5.550796031951904,1.1499545574188232,53.31812286376953,15.646693229675293,70.60285186767578,-1.3100062608718872,86.23450469970703,15.696789741516113,-0.0011742934584617615,-2.3933043479919434,35.02399444580078,6.414199352264404,85.25048065185547,-6.415988445281982
40.0,38.0,20.0,55.0,5.0,-0.007688552141189575,22.877872467041016,61.064186096191406,2.1159145832061768,90.93939971923828,29.720794677734375,-0.013035858049988747,8.855499267578125,8.623598098754883,5.975281238555908,37.264156341552734,5.596245288848877,83.81637573242188,52.10590362548828,-0.005118235480040312,5.786285877227783,7.95888614654541,1.8531794548034668,57.64777374267578,16.605560302734375,79.43338775634766,0.35282444953918457,91.84256744384766,9.390227317810059,-0.021303348243236542,-2.0665035247802734,44.660064697265625,2.6575255393981934,94.81544494628906,-2.643756628036499
43.0,38.0,20.0,80.0,12.0,-0.0073773860931396484,22.153913497924805,59.320213317871094,-7.235665798187256,86.7563247680664,39.8806037902832,0.02139086090028286,14.434497833251953,10.315913200378418,14.072969436645508,37.74136734008789,12.895983695983887,80.69256591796875,83.90936279296875,0.0004364405758678913,2.086745023727417,6.845421314239502,-1.446878433227539,53.85550308227539,15.068355560302734,74.05733489990234,-4.6190266609191895,93.58496856689453,7.892647743225098,0.0045453086495399475,-2.090341091156006,38.155128479003906,5.1949663162231445,88.90099334716797,-5.299289226531982
43.0,41.0,17.0,80.0,29.5,-0.0025863051414489746,27.01792335510254,57.837310791015625,-2.230379343032837,85.54456329345703,61.252445220947266,0.008519655093550682,14.411797523498535,9.393845558166504,12.36355972290039,36.674983978271484,13.403820991516113,80.7333984375,112.62171173095703,-0.0011519636027514935,5.909029483795166,5.684649467468262,0.735003650188446,53.270076751708984,15.308111190795898,71.09088897705078,-1.5114108324050903,86.22966766357422,15.417317390441895,-0.003881894052028656,-2.318134307861328,35.136878967285156,5.9955034255981445,85.15387725830078,-5.99673318862915
37.0,35.0,20.0,75.0,40.0,-0.005732148885726929,24.188663482666016,56.24567413330078,-6.969832420349121,81.13436126708984,66.85502624511719,0.011502301320433617,12.98541259765625,11.317654609680176,10.117583274841309,36.676815032958984,8.982176780700684,77.86190795898438,124.61502075195312,-0.0025623287074267864,-1.119537353515625,4.545697212219238,-4.946031093597412,53.24992370605469,13.488933563232422,68.52513885498047,-1.1734994649887085,82.99620056152344,17.523738861083984,-0.00651916116476059,-3.0870985984802246,31.855533599853516,10.657597541809082,81.66385650634766,-10.650874137878418
40.0,35.0,17.0,65.0,5.0,-0.01167944073677063,24.29625129699707,60.910911560058594,-0.02241586148738861,90.32853698730469,29.541793823242188,0.009986167773604393,8.033288955688477,8.580340385437012,4.826948165893555,36.702919006347656,4.89702844619751,82.59613037109375,55.17424011230469,-0.0016357745043933392,4.953276634216309,7.993695259094238,1.5619142055511475,56.37433624267578,16.268796920776367,78.89058685302734,-1.0344680547714233,91.39701080322266,9.96753215789795,-0.00700678676366806,-1.8743975162506104,43.30811309814453,2.573293685913086,93.6629638671875,-2.5788888931274414
43.0,38.0,17.0,60.0,40.0,0.00462457537651062,20.75768280029297,53.399818420410156,-3.5331549644470215,78.01683807373047,67.53363037109375,0.003834417089819908,14.359627723693848,9.01563835144043,13.261075973510742,38.740596771240234,13.498207092285156,75.46418762207031,121.60697937011719,-0.0006786431185901165,1.2374553680419922,4.740184307098389,-0.07409316301345825,52.598655700683594,16.255516052246094,65.55453491210938,1.9366577863693237,80.12486267089844,15.938515663146973,-0.0006410107016563416,-2.8441290855407715,30.33053970336914,11.572431564331055,79.93643188476562,-11.612768173217773
43.0,38.0,17.0,70.0,19.0,0.000341951847076416,24.5447940826416,60.84973907470703,-3.4914515018463135,88.01981353759766,44.19384765625,-0.0007069353014230728,14.863554000854492,11.875755310058594,14.2764310836792,35.9583740234375,11.981175422668457,81.55665588378906,83.38520812988281,-0.005773648153990507,8.043307304382324,7.832329273223877,2.309863805770874,53.96937942504883,15.532161712646484,72.50082397460938,0.28796112537384033,88.85881805419922,14.953132629394531,-0.0001479312777519226,-2.878607749938965,38.084625244140625,6.072742938995361,88.1103286743164,-6.095566272735596
41.0,40.0,21.0,80.0,33.0,-0.008738547563552856,29.337068557739258,58.398895263671875,-0.6698915958404541,85.5215072631836,64.35325622558594,0.014523124322295189,12.562477111816406,8.758118629455566,9.64874267578125,37.28510284423828,10.68277359008789,81.005859375,116.2135009765625,0.009809151291847229,5.248898983001709,5.902219295501709,0.47818732261657715,54.039241790771484,15.521991729736328,70.62030029296875,-0.8651831150054932,86.96669006347656,15.794734001159668,-0.005587123334407806,-2.1702287197113037,34.823387145996094,6.020386695861816,84.8524169921875,-6.068816661834717
37.0,38.0,20.0,45.0,22.5,-0.008228927850723267,23.12260627746582,58.61026382446289,4.241230487823486,85.2030258178711,51.24343490600586,0.011142825707793236,18.54273223876953,9.670660972595215,18.231117248535156,36.91794204711914,18.406885147094727,82.3072738647461,100.74748229980469,-0.005131229292601347,8.820323944091797,6.963314056396484,3.5560364723205566,61.29537582397461,14.449913024902344,73.76961517333984,8.02020263671875,87.06412506103516,18.8778076171875,-0.006953440606594086,-2.32072114944458,36.544681549072266,6.196836948394775,86.57748413085938,-6.225558757781982
37.0,41.0,17.0,65.0,26.0,-0.0007592737674713135,26.33772850036621,58.11581039428711,-1.276620626449585,86.3305892944336,58.7234001159668,0.012891000136733055,15.880263328552246,6.891726493835449,16.074039459228516,38.134517669677734,16.319807052612305,81.58954620361328,109.18649291992188,-0.0027437056414783,9.826416969299316,5.743977069854736,4.813100337982178,55.09220886230469,17.7325496673584,68.69735717773438,5.649709224700928,86.68018341064453,19.344070434570312,-0.0031739696860313416,-3.846057415008545,36.07384490966797,5.518428802490234,86.1217269897461,-5.56171989440918
37.0,41.0,17.0,75.0,5.0,0.0125826895236969,24.187992095947266,60.208919525146484,-6.675152778625488,91.1357192993164,31.781328201293945,-0.00690733827650547,10.038358688354492,9.505705833435059,7.952358722686768,39.79348373413086,10.298283576965332,81.43458557128906,65.80142211914062,-0.01407526433467865,2.7675981521606445,7.930604934692383,-0.44847434759140015,55.222965240478516,14.946304321289062,77.08025360107422,-5.909513473510742,94.50638580322266,7.147790908813477,-0.013654761016368866,-1.9003149271011353,41.935142517089844,3.661229133605957,92.32025909423828,-3.693578004837036
37.0,38.0,17.0,75.0,12.0,-0.0037085413932800293,22.523941040039062,59.6829833984375,-6.866796970367432,86.0124740600586,41.080753326416016,-0.006692105904221535,13.95128059387207,10.231680870056152,13.71295166015625,37.070674896240234,12.076006889343262,80.61080932617188,82.99209594726562,-0.016765400767326355,2.24247145652771,6.8952484130859375,-1.305624008178711,53.86082458496094,14.802253723144531,73.77517700195312,-4.008856296539307,92.45225524902344,8.819817543029785,-0.012983046472072601,-2.4770286083221436,37.93635559082031,5.331463813781738,88.43571472167969,-5.329654693603516
37.0,41.0,17.0,80.0,19.0,-0.002011537551879883,25.161413192749023,62.3807373046875,-5.0293402671813965,88.05779266357422,46.73067092895508,-0.0038521233946084976,14.544941902160645,12.267864227294922,13.778284072875977,35.401248931884766,11.699667930603027,82.01515197753906,83.40997314453125,-0.011330708861351013,7.178309917449951,7.751975059509277,1.8240046501159668,53.57206726074219,15.449737548828125,72.0478286743164,-1.5029114484786987,89.11296081542969,14.133953094482422,-0.002025894820690155,-3.033881664276123,38.29597854614258,5.698043346405029,88.70561218261719,-5.694103240966797
37.0,41.0,17.0,60.0,15.5,-0.008876770734786987,27.00581932067871,59.586082458496094,-1.7547881603240967,88.04402923583984,44.47820281982422,0.005208170041441917,14.473359107971191,10.946497917175293,14.815072059631348,36.794288635253906,11.696601867675781,82.5046615600586,75.86483764648438,-0.00035290373489260674,9.22543716430664,7.768563747406006,2.8428902626037598,55.79070281982422,16.966854095458984,75.9390640258789,2.14805269241333,89.95189666748047,14.697009086608887,0.00831148773431778,-3.7330148220062256,39.10732650756836,5.565854549407959,89.23021697998047,-5.628240585327148
43.0,35.0,20.0,65.0,8.5,-0.013766050338745117,25.02434730529785,61.35612869262695,0.839026689529419,90.68915557861328,30.978469848632812,0.0007941778749227524,8.217662811279297,7.498993873596191,5.436241149902344,36.62013244628906,4.873108386993408,83.4077377319336,57.94586944580078,-0.017658695578575134,5.810701370239258,8.196331977844238,2.134680986404419,56.53535842895508,16.70684814453125,79.43042755126953,-0.08750659227371216,90.87152862548828,10.739060401916504,-0.005671046674251556,-2.477398633956909,42.25826644897461,3.89316987991333,92.64420318603516,-3.896390199661255
41.0,38.0,17.0,40.0,23.0,-0.003799229860305786,22.63697624206543,57.6020393371582,5.168782711029053,84.73487091064453,50.67090606689453,0.006665533408522606,18.40135955810547,10.065180778503418,18.17673110961914,36.68307113647461,18.42615509033203,81.57398986816406,101.434814453125,0.0024843369610607624,8.246339797973633,6.89930534362793,3.2178761959075928,60.574676513671875,14.265711784362793,72.3446044921875,7.188865661621094,86.28433990478516,18.325057983398438,-0.00715240091085434,-1.4556586742401123,35.73445510864258,6.273338794708252,85.51273345947266,-6.32279634475708
43.0,35.0,17.0,40.0,12.0,-0.009099781513214111,21.763078689575195,59.152671813964844,3.8712007999420166,87.52570343017578,37.01680374145508,-0.00243496336042881,16.110797882080078,11.470871925354004,13.767498016357422,36.82732009887695,13.324629783630371,82.93214416503906,72.25839233398438,0.011429086327552795,5.364384174346924,6.42304801940918,2.4572434425354004,62.2041015625,13.891018867492676,75.85981750488281,4.2936248779296875,90.57653045654297,11.947604179382324,-0.0005850717425346375,-2.2994742393493652,39.04179763793945,6.555556774139404,89.24834442138672,-6.611521244049072
43.0,41.0,20.0,45.0,33.0,0.00158613920211792,22.71024513244629,57.04685592651367,3.863048553466797,82.03325653076172,61.09806442260742,0.018683915957808495,18.180843353271484,10.536700248718262,15.984724044799805,35.41944885253906,15.568066596984863,79.94450378417969,117.61116027832031,-0.005123242270201445,3.589794635772705,5.177173614501953,1.7381196022033691,61.400699615478516,13.36241340637207,70.1939926147461,5.4822916984558105,85.00831604003906,17.0386962890625,-0.002446494996547699,-2.102648973464966,33.52692794799805,7.935209274291992,82.87725830078125,-7.929315090179443
43.0,35.0,20.0,60.0,33.0,-0.010358631610870361,33.680728912353516,57.183170318603516,7.017029285430908,84.76878356933594,61.65874481201172,0.001794537529349327,9.275869369506836,5.639013290405273,9.745956420898438,45.040462493896484,9.539856910705566,79.02297973632812,116.16648864746094,0.01588328182697296,4.086616039276123,7.037658214569092,-1.4913396835327148,57.61723327636719,15.467974662780762,72.11730194091797,-3.5806126594543457,98.65534210205078,2.100414991378784,0.004267431795597076,2.2948453426361084,35.99725341796875,3.5018253326416016,85.70559692382812,-3.497727155685425
41.0,40.0,17.0,80.0,5.0,0.005332082509994507,24.357816696166992,60.54122543334961,-6.988090991973877,91.68408966064453,31.807106018066406,-0.001525217667222023,10.072518348693848,9.704070091247559,8.031923294067383,40.2870979309082,10.778616905212402,81.55374908447266,67.26203155517578,-0.02463148534297943,2.809453010559082,7.913619518280029,-0.3649967312812805,55.11587905883789,15.122371673583984,76.9613265991211,-6.203493595123291,95.05895233154297,6.972002983093262,-0.009844712913036346,-1.7593770027160645,42.04853820800781,3.486042022705078,92.65821838378906,-3.5257630348205566
37.0,38.0,20.0,40.0,5.0,-0.03750911355018616,20.080312728881836,61.540611267089844,2.6796820163726807,91.33512878417969,24.703378677368164,-0.021599287167191505,15.676414489746094,11.059794425964355,17.01479721069336,37.49496078491211,16.297473907470703,81.74189758300781,52.03021240234375,0.008156731724739075,5.666820049285889,9.415314674377441,1.5030303001403809,64.9231185913086,13.501195907592773,78.9547119140625,7.873517036437988,87.80162811279297,12.031055450439453,-0.02271106094121933,-2.9891648292541504,43.479339599609375,5.0462822914123535,93.5754623413086,-5.106919765472412
37.0,35.0,17.0,75.0,5.0,-0.002538233995437622,24.58692741394043,60.391632080078125,-6.477597713470459,91.3117904663086,31.645475387573242,-0.0029956046491861343,10.021302223205566,9.815104484558105,7.492603302001953,39.48854446411133,10.200424194335938,81.15927124023438,66.16792297363281,-0.01766429841518402,3.022958993911743,7.9070024490356445,-0.16273397207260132,54.79879379272461,15.019837379455566,76.56916809082031,-6.039155006408691,94.32084655761719,7.236331939697266,-0.0021803006529808044,-1.8026301860809326,41.60231399536133,3.7338294982910156,91.90887451171875,-3.7480576038360596
40.0,41.0,17.0,55.0,26.0,0.004261761903762817,26.47982406616211,57.10438537597656,0.1466386467218399,85.93803405761719,59.644561767578125,0.007115548476576805,15.744695663452148,6.116955757141113,16.49781036376953,38.85446548461914,16.898761749267578,81.7680435180664,109.88668823242188,-0.006501420866698027,10.374299049377441,5.608302116394043,5.006104946136475,55.204288482666016,18.115066528320312,68.9369888305664,6.714901447296143,86.23397064208984,19.469879150390625,-0.008593283593654633,-3.8950119018554688,35.835540771484375,5.090179443359375,85.64534759521484,-5.088643550872803
40.0,35.0,17.0,45.0,19.0,-0.005731344223022461,22.118579864501953,58.58753204345703,3.6498968601226807,85.30143737792969,43.899497985839844,0.005771791562438011,20.78905487060547,10.8156099319458,19.347110748291016,35.69192886352539,19.33601188659668,81.10203552246094,91.83235168457031,-0.006257161032408476,11.122817993164062,7.123823642730713,4.75575590133667,62.09907150268555,14.467464447021484,75.28124237060547,9.270824432373047,88.08563995361328,19.144367218017578,-0.011660836637020111,-2.8011035919189453,35.987144470214844,6.452219486236572,85.6951904296875,-6.459630489349365
40.0,35.0,17.0,40.0,29.5,0.0012516975402832031,21.646942138671875,57.07731628417969,4.088029384613037,81.97023010253906,58.3427619934082,0.021097635850310326,18.949527740478516,10.960768699645996,17.582000732421875,35.2202262878418,16.429597854614258,79.17559051513672,118.11907958984375,-0.004915520083159208,3.4258155822753906,5.121782302856445,1.06270170211792,62.09901809692383,12.664735794067383,70.26728057861328,6.066882610321045,84.98234558105469,16.306377410888672,-0.006134293973445892,-1.4418721199035645,33.44679260253906,7.995911121368408,82.8204116821289,-8.014582633972168
37.0,41.0,20.0,60.0,40.0,-0.007464796304702759,19.12099266052246,54.348167419433594,-4.912080764770508,78.8065414428711,70.16178894042969,0.017332380637526512,14.403072357177734,9.99965763092041,12.820363998413086,38.83969497680664,13.239012718200684,77.19956970214844,122.7171859741211,0.010318830609321594,1.3400464057922363,4.641418933868408,0.2691933512687683,52.99124526977539,16.497058868408203,66.38451385498047,1.3989726305007935,80.76720428466797,16.412002563476562,-0.013741753995418549,-3.4536921977996826,30.78961181640625,11.703152656555176,81.0840072631836,-11.779682159423828
37.0,41.0,20.0,55.0,5.0,0.001489192247390747,22.0815486907959,62.65389633178711,0.9200823307037354,92.54660034179688,28.296194076538086,-0.021732980385422707,11.146429061889648,10.346809387207031,10.049933433532715,37.6283073425293,8.735547065734863,83.62808990478516,49.72178268432617,0.007963672280311584,5.930958271026611,9.012289047241211,1.4143462181091309,60.36046600341797,15.776611328125,80.15747833251953,2.4645462036132812,91.2749252319336,10.377664566040039,-0.03027956932783127,-2.3867878913879395,45.65662384033203,3.543163776397705,96.28648376464844,-3.5058953762054443
40.0,35.0,17.0,70.0,8.5,0.0005003511905670166,24.019926071166992,60.31626892089844,-5.4273200035095215,91.12188720703125,32.47803497314453,-0.00899701751768589,10.207090377807617,9.387422561645508,8.169431686401367,38.822872161865234,9.382916450500488,82.24674987792969,67.32825469970703,-0.00943581759929657,2.9721107482910156,7.736620903015137,-0.04166525602340698,55.124752044677734,15.204302787780762,77.31378173828125,-5.3089070320129395,93.79076385498047,7.540252685546875,-0.010843656957149506,-2.392284393310547,40.76670837402344,4.389341354370117,91.1847915649414,-4.416441440582275
43.0,41.0,20.0,40.0,29.5,-0.009708881378173828,22.94487762451172,57.594505310058594,5.135129928588867,83.4400863647461,61.38301086425781,0.00727233849465847,16.43947410583496,9.761302947998047,17.22101593017578,37.10734939575195,16.851964950561523,81.39582824707031,117.4726333618164,0.0008346592076122761,4.774476528167725,5.4818115234375,2.250509023666382,61.13071060180664,14.378801345825195,70.84844207763672,4.375006198883057,87.04780578613281,15.379941940307617,-0.013874195516109467,-1.5334813594818115,34.81779479980469,5.955676078796387,84.72705841064453,-5.961436748504639
40.0,35.0,20.0,45.0,36.5,-0.010015398263931274,26.63866424560547,59.67826461791992,6.321505069732666,82.2308578491211,65.97490692138672,0.013455396518111229,14.514212608337402,10.1815824508667,12.263851165771484,35.38295364379883,11.908304214477539,80.25596618652344,117.02660369873047,0.001569822896271944,8.619584083557129,5.972073078155518,7.819832801818848,62.08757781982422,16.279327392578125,74.28508758544922,1.0965477228164673,90.24236297607422,15.977842330932617,0.0018751397728919983,-4.571442127227783,34.80915069580078,8.714472770690918,84.3204116821289,-8.744555473327637
37.0,38.0,20.0,70.0,19.0,-0.00516626238822937,24.20994758605957,61.64625930786133,-4.429600238800049,87.95137786865234,45.31988525390625,0.0012123342603445053,14.789766311645508,12.108341217041016,14.227628707885742,35.744319915771484,11.892449378967285,81.68247985839844,84.66806030273438,-0.004504009615629911,7.331705570220947,7.731751441955566,1.7580053806304932,53.80618667602539,15.154916763305664,71.97933197021484,-0.5370811223983765,88.86681365966797,14.61928939819336,-0.005066774785518646,-2.8972270488739014,38.29680633544922,6.174167156219482,88.41358184814453,-6.1950459480285645
43.0,38.0,17.0,70.0,5.0,0.004911929368972778,23.533706665039062,60.421142578125,-4.22315788269043,91.21278381347656,30.569400787353516,-0.005815858021378517,10.153766632080078,10.235221862792969,6.633260726928711,38.442237854003906,8.275638580322266,82.3443374633789,61.583892822265625,-0.011435553431510925,3.303864002227783,7.472943305969238,0.1423988938331604,55.79753112792969,15.475797653198242,77.65262603759766,-4.612715244293213,93.92269897460938,7.809362411499023,-0.007219754159450531,-1.7339017391204834,42.884788513183594,2.8469552993774414,93.47467803955078,-2.8341665267944336
40.0,38.0,17.0,75.0,22.5,-0.0011748671531677246,24.933732986450195,60.27225112915039,-2.358858823776245,86.22879028320312,49.8101921081543,0.0013149138540029526,13.550714492797852,7.608982086181641,13.312868118286133,35.91088104248047,12.90485954284668,82.35775756835938,97.52946472167969,-0.0015135849826037884,5.939657688140869,6.988966941833496,1.0242729187011719,54.45380401611328,14.295999526977539,74.24750518798828,-1.7487603425979614,89.25202941894531,12.469148635864258,-0.00794210284948349,-3.0714099407196045,37.688507080078125,6.883842468261719,87.53390502929688,-6.879419803619385
43.0,41.0,20.0,50.0,26.0,0.001049429178237915,24.618146896362305,58.178260803222656,4.746531009674072,83.51777648925781,60.31595230102539,0.009524738416075706,17.16162109375,10.258338928222656,18.049362182617188,36.88518142700195,18.175384521484375,80.84497833251953,112.68692016601562,0.005537227261811495,6.6721673011779785,5.80718469619751,3.1919398307800293,59.717994689941406,15.101499557495117,70.07669830322266,4.961312294006348,86.06278228759766,16.45821762084961,-0.007937096059322357,-2.168898105621338,35.20118713378906,4.402836799621582,84.74182891845703,-4.373946666717529
41.0,38.0,21.0,50.0,23.0,-0.0057756900787353516,23.945371627807617,58.87540817260742,4.150289058685303,84.87076568603516,51.95481872558594,0.012795155867934227,18.294191360473633,9.821747779846191,18.21684455871582,36.84816360473633,18.446683883666992,81.54643249511719,102.06324768066406,6.933556869626045e-05,8.995777130126953,6.861245632171631,3.7330422401428223,60.22041702270508,14.75114917755127,72.70877838134766,7.396810531616211,86.68232727050781,18.615062713623047,0.0009738579392433167,-2.4518964290618896,36.34153747558594,5.568646430969238,86.0655746459961,-5.573665618896484
37.0,35.0,17.0,75.0,12.0,-0.002488046884536743,22.850605010986328,59.842281341552734,-6.763500213623047,86.235595703125,41.1352424621582,-0.006478780880570412,14.103436470031738,10.514409065246582,13.627874374389648,36.9084358215332,12.014264106750488,80.5369873046875,83.48442077636719,-0.011672869324684143,2.6664657592773438,6.917322158813477,-1.0444209575653076,53.83017349243164,14.906375885009766,73.70878601074219,-3.8396077156066895,92.50403594970703,9.243767738342285,-0.012333862483501434,-2.457338571548462,37.85731506347656,5.500278472900391,88.38801574707031,-5.490635395050049
43.0,38.0,17.0,50.0,19.0,0.0005777478218078613,23.132387161254883,58.790924072265625,3.7201621532440186,85.29024505615234,44.089351654052734,0.006542181596159935,20.846790313720703,10.958662986755371,19.58736801147461,35.741485595703125,19.67095184326172,80.8499984741211,90.16366577148438,-0.0015266980044543743,11.345560073852539,7.228612899780273,4.9851765632629395,61.8853645324707,14.738239288330078,75.25453186035156,9.265427589416504,88.0472640991211,19.106609344482422,-0.012978576123714447,-3.058372974395752,36.117515563964844,5.7318806648254395,85.79195404052734,-5.706710338592529
43.0,35.0,17.0,55.0,36.5,0.004940301179885864,21.46968650817871,53.644439697265625,-2.563403367996216,78.6291732788086,68.10945892333984,-0.0045941416174173355,14.761275291442871,10.5673246383667,12.79145622253418,39.309513092041016,13.20437240600586,75.59130859375,120.71553039550781,0.0021869693882763386,2.2864489555358887,4.911623477935791,0.3279399275779724,52.53889846801758,16.370624542236328,65.67314910888672,2.013967514038086,80.96910858154297,16.02152442932129,-0.005701683461666107,-2.6001455783843994,30.664596557617188,10.733256340026855,80.28685760498047,-10.688322067260742
40.0,35.0,20.0,60.0,33.0,0.003182440996170044,33.1340217590332,57.09486770629883,6.506963729858398,84.4298324584961,62.10054397583008,0.0028275158256292343,9.874584197998047,5.923803329467773,9.417216300964355,44.466068267822266,9.362505912780762,79.1944580078125,116.25099182128906,0.015024498105049133,3.4083824157714844,6.865852355957031,-1.8082692623138428,57.4279670715332,15.296931266784668,71.58460235595703,-3.0372347831726074,97.41710662841797,3.2092525959014893,-0.004597626626491547,2.208613634109497,35.755859375,4.0500569343566895,85.48255157470703,-4.023957252502441
38.0,40.0,17.0,60.0,17.0,-0.0075095295906066895,26.77262306213379,59.58580017089844,-1.5391602516174316,88.98975372314453,45.17734909057617,-0.0020109061151742935,16.747516632080078,13.554434776306152,16.333999633789062,35.83918380737305,12.966694831848145,82.91532897949219,76.68263244628906,-0.004572703968733549,10.313194274902344,7.962669372558594,3.0112829208374023,55.919532775878906,17.129810333251953,75.76912689208984,1.7503958940505981,89.92700958251953,15.003228187561035,0.007961936295032501,-3.2745919227600098,38.90581512451172,5.568073272705078,89.23136901855469,-5.590028285980225
37.0,35.0,17.0,40.0,22.5,-0.006151765584945679,22.013795852661133,58.45295715332031,4.59026575088501,84.34416961669922,51.52906036376953,0.009277021512389183,17.641666412353516,10.209565162658691,17.824115753173828,36.50657653808594,17.566438674926758,81.47611999511719,103.41343688964844,-0.004957958590239286,7.641904354095459,6.678664207458496,2.977926731109619,61.330257415771484,13.750733375549316,73.11956787109375,6.829783916473389,86.96627044677734,17.337310791015625,-0.01595916599035263,-1.8705589771270752,35.872371673583984,6.1970014572143555,85.5575942993164,-6.242814064025879
43.0,35.0,17.0,65.0,36.5,0.0023023784160614014,20.661169052124023,53.83736801147461,-4.482669353485107,78.57306671142578,67.45829772949219,0.014818316325545311,14.822710037231445,9.256699562072754,13.038460731506348,38.867855072021484,13.24572467803955,75.45026397705078,122.24676513671875,-0.013228639960289001,1.4627766609191895,4.799844741821289,-0.2973549962043762,52.76518249511719,16.327518463134766,65.65461730957031,1.609467625617981,81.21533966064453,15.85031795501709,0.003545500338077545,-2.841064453125,30.676258087158203,11.106905937194824,80.52694702148438,-11.11422061920166
41.0,40.0,17.0,60.0,33.0,-0.0016057193279266357,32.5809211730957,57.34848403930664,6.269134998321533,84.69039154052734,61.9648323059082,0.006353070959448814,9.414031028747559,5.129664421081543,9.649760246276855,45.0488166809082,9.798155784606934,79.72346496582031,115.18788146972656,0.007069841492921114,3.60672664642334,7.057795524597168,-1.592207670211792,57.55807113647461,15.20595645904541,71.7531509399414,-2.9431958198547363,97.5927505493164,3.109086751937866,9.701400995254517e-05,1.8722515106201172,36.08781051635742,3.6123647689819336,85.82137298583984,-3.6125383377075195
43.0,35.0,17.0,75.0,40.0,-0.004684180021286011,22.9680118560791,56.522918701171875,-6.51017427444458,80.88622283935547,67.28067016601562,0.00663340650498867,12.633285522460938,11.652020454406738,10.160697937011719,37.05043029785156,9.137066841125488,77.94952392578125,125.39970397949219,-0.0024151052348315716,-0.7276663184165955,4.67825984954834,-4.275444984436035,53.334712982177734,13.726032257080078,68.923095703125,-1.0794440507888794,82.98143768310547,17.786605834960938,0.0042273178696632385,-3.4058003425598145,31.989395141601562,10.543364524841309,81.87566375732422,-10.557812690734863
37.0,35.0,17.0,70.0,36.5,-0.0003427565097808838,22.84433937072754,55.45159149169922,-6.282927989959717,79.73296356201172,66.74555206298828,0.00872812233865261,12.933671951293945,11.587018966674805,10.430339813232422,36.49831008911133,9.572172164916992,76.76612854003906,123.07154846191406,-0.00521485460922122,-0.43410390615463257,4.624338626861572,-3.9579854011535645,52.52216720581055,13.801465034484863,67.39948272705078,-0.816611647605896,81.65718841552734,17.34238052368164,-0.0047698840498924255,-3.187451124191284,31.619821548461914,10.250452995300293,80.77269744873047,-10.185749053955078
37.0,35.0,20.0,75.0,36.5,0.0032296478748321533,23.65458869934082,56.14903259277344,-7.122642993927002,81.0664291381836,66.84352111816406,-0.0021098796278238297,13.317218780517578,11.096261024475098,10.31025505065918,37.09933853149414,9.407510757446289,77.56455993652344,125.3546142578125,0.010143712162971497,-0.7155870795249939,4.526618957519531,-4.82274866104126,53.10361862182617,13.673100471496582,68.02333068847656,-0.7388027906417847,82.80901336669922,17.77719497680664,-0.01585444062948227,-3.0510010719299316,32.00010299682617,10.527901649475098,81.73450469970703,-10.450672149658203
40.0,38.0,20.0,40.0,5.0,-0.014263421297073364,20.40113639831543,61.38408660888672,2.9183995723724365,91.19951629638672,25.339929580688477,-0.012340778484940529,15.371826171875,11.200517654418945,16.19646453857422,37.459110260009766,15.79357624053955,81.72328186035156,52.17768096923828,-0.007576390635222197,5.7155022621154785,9.235003471374512,1.8013405799865723,64.5459213256836,13.613061904907227,78.69293975830078,7.356210231781006,87.88663482666016,12.046616554260254,-0.01690555363893509,-3.0718464851379395,43.13733673095703,5.137699127197266,93.13561248779297,-5.129309177398682
40.0,38.0,20.0,50.0,29.5,-0.0026930570602416992,24.4523868560791,59.248313903808594,3.871663808822632,83.23895263671875,61.307559967041016,0.007339006289839745,16.850006103515625,10.62496280670166,17.034090042114258,36.274696350097656,16.37489891052246,80.4157943725586,118.19856262207031,0.0027007912285625935,4.258627891540527,5.4233622550964355,1.9004106521606445,61.63405990600586,13.78366470336914,71.2103042602539,4.565221786499023,87.0852279663086,15.19266414642334,-0.016930125653743744,-2.4114437103271484,34.7774772644043,5.763274669647217,84.44007873535156,-5.778245449066162
37.0,41.0,20.0,60.0,36.5,0.0015507638454437256,18.757808685302734,54.10389709472656,-5.249983310699463,78.4699935913086,70.19892883300781,0.019004320725798607,14.831770896911621,10.592296600341797,12.689064979553223,38.94106674194336,13.08049201965332,76.66413879394531,122.48470306396484,0.00020267115905880928,1.602856159210205,4.613164901733398,0.16652268171310425,52.64382553100586,16.485448837280273,65.94501495361328,1.3658899068832397,80.68781280517578,16.495906829833984,-0.0029447898268699646,-3.406277894973755,30.64341163635254,11.546465873718262,80.81684112548828,-11.588418960571289
40.0,38.0,17.0,50.0,36.5,-0.003022223711013794,27.360788345336914,60.020294189453125,5.504943370819092,82.43767547607422,67.23104858398438,0.0001334305852651596,14.123934745788574,10.33407211303711,11.862325668334961,35.52997970581055,11.879739761352539,80.53485107421875,117.32592010498047,0.0012620543129742146,8.302617073059082,5.850735664367676,7.570384979248047,61.77206802368164,16.345212936401367,73.9870376586914,0.9094110727310181,90.2673568725586,16.04778289794922,-0.005293332040309906,-5.002151012420654,34.835968017578125,8.070480346679688,84.40093231201172,-8.090641975402832
43.0,35.0,17.0,80.0,26.0,0.006592929363250732,27.028087615966797,58.41480255126953,-2.0503756999969482,85.23463439941406,58.6960563659668,0.0070455726236104965,14.146757125854492,8.886651039123535,12.893916130065918,36.41164016723633,13.538671493530273,80.36065673828125,111.83020782470703,0.0010312949307262897,5.648956298828125,5.769436359405518,0.38482052087783813,52.9285774230957,14.967573165893555,71.18862915039062,-2.1283721923828125,87.1537857055664,13.88893985748291,-0.002173982560634613,-1.936643362045288,35.4913330078125,5.780750751495361,85.34932708740234,-5.79054594039917
43.0,41.0,17.0,45.0,8.5,-0.008580565452575684,20.7283878326416,61.03880310058594,2.8987839221954346,91.21817779541016,25.575223922729492,-0.012323522940278053,16.065271377563477,11.162246704101562,16.155719757080078,37.308231353759766,16.140512466430664,81.61759948730469,51.802730560302734,-0.0006303633563220501,5.559540748596191,9.181278228759766,1.9335970878601074,64.43707275390625,13.599821090698242,78.28378295898438,7.622222423553467,87.50186920166016,12.438446998596191,-0.010921172797679901,-2.880373001098633,42.61475372314453,5.2632670402526855,92.72090911865234,-5.27043342590332
40.0,38.0,17.0,70.0,19.0,-8.702278137207031e-05,24.180429458618164,61.05028533935547,-3.860469102859497,87.90958404541016,44.62461471557617,-0.0008819345384836197,14.714410781860352,11.800581932067871,14.172124862670898,36.046321868896484,11.94371509552002,81.58348846435547,84.11262512207031,-0.006405636202543974,7.7493133544921875,7.793979644775391,2.120405435562134,53.94266891479492,15.295769691467285,72.25286865234375,0.11899769306182861,88.81464385986328,14.921627044677734,-0.001991085708141327,-2.918666362762451,38.095130920410156,6.145259857177734,88.10701751708984,-6.182877540588379
37.0,35.0,20.0,55.0,26.0,0.0020980536937713623,26.215551376342773,57.17860412597656,-0.24648617208003998,85.63871765136719,58.58485794067383,0.011910518631339073,16.093067169189453,6.793237209320068,16.674467086791992,38.35158157348633,16.402578353881836,81.17936706542969,111.80317687988281,0.00646884785965085,10.151900291442871,5.417147159576416,4.487123489379883,55.44811248779297,17.78769302368164,69.35110473632812,6.513584613800049,86.69017028808594,19.192371368408203,-0.004313074052333832,-3.7696189880371094,35.87281799316406,5.790684223175049,85.49797058105469,-5.765472888946533
40.0,38.0,17.0,50.0,15.5,0.0020327866077423096,24.688522338867188,59.99507522583008,2.9362452030181885,86.27245330810547,43.91109085083008,0.007971977815032005,19.5150146484375,11.080216407775879,18.9114990234375,36.21760940551758,18.49014663696289,81.23976135253906,86.31578063964844,-0.00014166487380862236,9.539929389953613,6.840263843536377,4.188422679901123,62.58985900878906,14.832907676696777,76.57093048095703,7.766530990600586,89.8199462890625,16.609481811523438,-0.006160639226436615,-3.440225601196289,37.02765655517578,5.233093738555908,87.29474639892578,-5.277332782745361
37.0,35.0,20.0,50.0,33.0,-0.013762414455413818,25.086835861206055,58.368629455566406,2.5708255767822266,83.35791015625,61.94425582885742,0.012428304180502892,20.28472900390625,11.882384300231934,14.948003768920898,34.64290237426758,15.112393379211426,80.33755493164062,118.35798645019531,0.0075645302422344685,3.941530227661133,5.110437393188477,1.9812650680541992,62.3238525390625,13.370340347290039,70.90155792236328,6.54750394821167,85.24602508544922,19.50954818725586,-0.010968111455440521,-2.751984119415283,33.85685729980469,9.154681205749512,83.85201263427734,-9.149176597595215
43.0,41.0,20.0,55.0,22.5,0.008235007524490356,22.561296463012695,60.61983108520508,-0.48958277702331543,86.35749053955078,49.16538619995117,0.01735762320458889,13.806766510009766,8.717162132263184,13.972237586975098,38.202117919921875,13.357072830200195,82.84028625488281,94.68758392333984,-0.00017522228881716728,10.252284049987793,7.468818664550781,4.325070858001709,56.794742584228516,15.324355125427246,74.3437271118164,4.748375415802002,89.4048080444336,18.676013946533203,0.003935970366001129,-4.441778659820557,37.85224533081055,6.218249320983887,87.48017120361328,-6.190079212188721
41.0,40.0,21.0,60.0,5.0,-0.0033912956714630127,23.41411018371582,60.78346252441406,1.81278395652771,90.53070831298828,29.98263168334961,-0.00883978046476841,8.708768844604492,7.738607883453369,5.515164375305176,36.963294982910156,5.3563079833984375,83.79772186279297,53.44298553466797,-0.0019177640788257122,5.560671806335449,7.851870059967041,1.498415470123291,57.13249969482422,16.824405670166016,79.65419006347656,0.23367345333099365,91.75765991210938,9.450333595275879,-0.013504736125469208,-1.8861284255981445,44.37416076660156,2.023662567138672,94.76232147216797,-2.0707600116729736
37.0,38.0,20.0,45.0,36.5,0.00018551945686340332,25.39945411682129,59.333335876464844,4.821857929229736,82.62378692626953,67.28292846679688,0.013003593310713768,15.577384948730469,11.159356117248535,11.774778366088867,35.33638381958008,11.710095405578613,81.21582794189453,117.86734771728516,0.010145977139472961,8.037605285644531,5.704013824462891,6.980000972747803,62.683067321777344,15.684289932250977,74.59017944335938,1.2720110416412354,90.68193054199219,16.58591079711914,0.0032652392983436584,-4.481343746185303,34.91984176635742,9.10417652130127,84.6707534790039,-9.143878936767578
43.0,41.0,20.0,70.0,15.5,-0.002001136541366577,24.931360244750977,60.84308624267578,-3.7778239250183105,87.2613754272461,42.738277435302734,0.0001550968736410141,15.103087425231934,11.094399452209473,14.781808853149414,35.96503829956055,11.99133586883545,81.34358215332031,80.38177490234375,-0.005062236916273832,7.624992847442627,7.742095470428467,2.0039620399475098,53.899749755859375,15.934125900268555,72.79792022705078,-0.012441277503967285,88.8462142944336,14.207634925842285,0.0035885944962501526,-3.073150157928467,38.462257385253906,5.905039310455322,88.57196044921875,-5.886734485626221
37.0,41.0,20.0,80.0,26.0,-0.005442827939987183,26.041000366210938,59.367679595947266,-3.025212049484253,85.45330047607422,60.35966873168945,0.007928704842925072,13.95786190032959,8.774632453918457,12.705002784729004,36.4930534362793,13.461819648742676,81.61505126953125,111.5194091796875,-0.000863268505781889,5.4372382164001465,5.731400489807129,0.5125874876976013,53.21126937866211,14.880237579345703,71.30233764648438,-2.1698837280273438,87.10713195800781,14.320804595947266,0.004650987684726715,-2.4867241382598877,35.96434020996094,5.942807674407959,86.18683624267578,-5.946025371551514
